https://en.wikipedia.org/wiki/Category:Place_name_disambiguation_pages

Help From Wikipedia, the free encyclopedia Pages may be added to this category using the {{ geodis }} template or the geo parameter of the {{ Disambiguation |geo}} template Wikimedia Commons has media related to Disambiguation galleries of place names . Place name disambiguation pages Airport disambiguation pages Country subdivision name disambiguation pages Road disambiguation pages Station disambiguation pages Contents: Top 0–9 A B C D E F G H I J K L M N O P Q R S T U V W X Y Z * # 0 1 2 3 4 5 6 7 8 9 • A Aa Ae Aj Ao At • B Ba Be Bj Bo Bt • C Ca Ce Cj Co Ct • D Da De Dj Do Dt • E Ea Ee Ej Eo Et • F Fa Fe Fj Fo Ft • G Ga Ge Gj Go Gt • H Ha He Hj Ho Ht • I Ia Ie Ij Io It • J Ja Je Jj Jo Jt • K Ka Ke Kj Ko Kt • L La Le Lj Lo Lt • M Ma Me Mj Mo Mt • N Na Ne Nj No Nt • O Oa Oe Oj Oo Ot • P Pa Pe Pj Po Pt • Q Qa Qe Qj Qo Qt • R Ra Re Rj Ro Rt • S Sa Se Sj So St • T Ta Te Tj To Tt • U Ua Ue Uj Uo Ut • V Va Ve Vj Vo Vt • W Wa We Wj Wo Wt • X Xa Xe Xj Xo Xt • Y Ya Ye Yj Yo Yt • Z Za Ze Zj Zo Zt Subcategories This category has the following 4 subcategories, out of 4 total. A Airport disambiguation pages (1,253 P) C Country subdivision name disambiguation pages (12 C) R Road disambiguation pages (1,083 P) S Station disambiguation pages (1,947 P) Pages in category "Place name disambiguation pages" The following 200 pages are in this category, out of approximately 66,783 total. This list may not reflect recent changes . (previous page) ( next page ) 0–9 1 November 1954 Stadium 1st arrondissement 1st district 1st Senate district 2nd arrondissement 2nd district 2nd Nikolskoye (disambiguation) 3-Way (disambiguation) 3rd arrondissement 3rd district 4th arrondissement 5th arrondissement 5th Street 5th Ward 6th arrondissement 7th arrondissement 7th congressional district 8 Marta 8th arrondissement 8th congressional district 9th arrondissement 10th arrondissement 11th arrondissement 12th arrondissement 13th arrondissement 23 August (disambiguation) 270 Park Avenue 1976 United States presidential election in Washington 1980 United States presidential election in Washington 1984 United States presidential election in Washington 1988 United States presidential election in Washington 1992 United States presidential election in Washington 1996 United States presidential election in Washington 2000 United States presidential election in Washington 2004 United States presidential election in Washington 2008 United States presidential election in Washington 2012 United States presidential election in Washington 2019 World Cup final 2020 United States presidential election in Washington 2023 World Cup final 2024 United States presidential election in Washington 02109 02110 02151 02205 02445 02446 02456 02458 02459 02460 02461 02467 A Å (disambiguation) A Mountain A-Town A' Chailleach Aabach Aabenraa (disambiguation) Aaby Aach Aachen (disambiguation) Åker Åkre Aalbach Aalbek Aalst Aalsum Åmot (disambiguation) Aappilattoq AAR Aarah Årdal Aare (disambiguation) Aaronsburg Årstad Åse Aasee Aastrup AASU Aasuvälja Aavere Aaviku Aaynata Ab Anjir Ab Bad Ab Bakhshan Ab Band Ab Barik Ab Barik-e Olya Ab Barik-e Sofla Ab Bid Ab Bidak Ab Bordeh Ab Chenar Ab Chenaru Ab Chendar Ab Chendaran Ab Damil Ab Dar Ab Darreh Ab Difeh Ab Garmak Ab Garmeh Ab Garmu Ab Gavan Ab Gel Ab Jaz Ab Kaseh Ab Kenaru Ab Kharzahreh Ab Konar Ab Kuleh Sar Ab Lashkar Ab Mahi Ab Mal Ab Mu Ab Murd Ab Nik Ab Niyeh Ab Qaleh Ab Rizak Ab Sardan Ab Sarduiyeh Ab Shirin Ab Surakh Ab Tut Ab Yad Ab Zalu Ab Zehlu Ab-e Sard Aba Abacı Abaco Abad Abadan (disambiguation) Abadchi Abadeh (disambiguation) Abadi Abadiyeh Abaga Abai Abaja Abajaluy Abakan (disambiguation) Abala Abalı Aban (disambiguation) Abana Abanar Abancay (disambiguation) Abancourt Abanoz Abaran Abarca Abardeh Abarghan Abarlaq Abaru Abas-Abad Abasha (disambiguation) Abasolo Abasolo Municipality Abassia Abatsky Abay Abazar Abazu Abba (disambiguation) Abbanakuppe Abbas Abbas Bolaghi Abbas Kandi Abbas Kola Abbas Yales Abbasabad Abbasiyeh Abbasqulular Abbecourt Abberton Abbeville (disambiguation) Abbey Gate Abbey Green Abbey Hill (disambiguation) Abbey Park Abbeydale Abbeyville Abbigeri Abbihal Abbot (disambiguation) Abbotsfield Abbotsford Abbotswood Abbott Abbotts Creek Township, North Carolina Abbs Valley Abburu ABC ABD Abd ol Aziz (previous page) ( next page ) Retrieved from " https://en.wikipedia.org/w/index.php?title=Category:Place_name_disambiguation_pages&oldid=1325898357 " Category : Disambiguation pages Hidden categories: Commons category link is on Wikidata Template Large category TOC via Automatic category TOC on category with over 20,000 pages Automatic category TOC generates Large category TOC